Website Name ,DA,Live URL,Email,Password,Notes
https://citysquares.com/,,,,,
https://www.brownbook.net/,,,,,
https://globalcatalog.com/,,,,,
https://www.callupcontact.com/,,,,,
https://www.consultsdirect.com/,,,,,
https://pingdirapp29.directoryup.com/,,,,,
https://www.getlisteduae.com/,,,,,
https://www.finduslocal.com/,,,,,
https://www.a-zbusinessfinder.com/,,,,,
https://ebusinesspages.com/,,,,,
https://akama.com/,,,,,
https://localpages.com/,,,,,
https://www.storeboard.com/,,,,,
https://www.freelistingindia.in/,,,   ,,
https://www.anibookmark.com/,,,,,
http://www.dealerbaba.com/,,,,,
https://www.cybo.com/,,,,,
https://us.enrollbusiness.com/,,,,,
https://us.tradeford.com/,,,,,
https://www.freelistingusa.com/,,,,,
https://www.dennisdemo.com/,,,,,
https://www.bunity.com/,,,,,
https://vendor.clutch.co/,,,,,
https://www.trulia.com/account,,,,,
https://localpages.com/,,,,,
https://www.storeboard.com/,,,,,
https://www.eagleswing.org/,,,,,
https://www.cleansway.com/,,,,,
https://www.freelistingindia.in/,,,,,
https://www.anibookmark.com/,,,,,
https://www.asktwena.directory/,,,,,
https://www.marketplace2020s.com/,,,,,
https://www.earthmom.org/,,,,,
,,,,,
,,,,,
https://www.trulia.com/,,,,,
https://localpages.com/,,,,,
https://www.storeboard.com/,,,,,
https://www.eagleswing.org/,,,,,
https://www.cleansway.com/,,,,,
https://www.freelistingindia.in/,,,,,
https://www.anibookmark.com/,,,,,
https://www.asktwena.directory/,,,,,
https://www.marketplace2020s.com/,,,,,
https://www.earthmom.org/,,,,,
https://www.1stopstartup.com/,,,,,
https://www.dennisdemo.com/,,,,,
https://www.bunity.com/,,,,,
http://www.axethrowingbars.com/,,,,,
http://www.greenvillecityguide.com/,,,,,
https://www.fixerhub.com/,,,,,
https://us.enrollbusiness.com/,,,,,
https://www.freelistingusa.com/,,,,,
https://www.cybo.com/,,,,,
http://bookmarks2u.com,,,,,
https://www.dealerbaba.com/,,,,,
https://www.manta.com/,,,,,
https://www.localbusinesslisting.org/,,,,,
businesssoftwarehelp.com,,,,,
houzz.com,,,,,
citybyapp.com,,,,,
trueen.com,,,,,
https://www.announceamerica.com/,,,,,
ikeanded.com,,,,,
ilocatelocal.com,,,,,
https://www.yellowpages.net/,,,,,
https://www.provenexpert.com/,,,,,
https://www.webwiki.com/,,,,,
https://www.tradeford.com/,,,,,
http://www.businessintelligencelist.com/,,,,,
https://az.yalwa.com/,,,,,
https://www.solartize.com/,,,,,
https://dyrectory.com/,,,,,
https://www.openfaves.com/,,,,,
https://www.bookmarkdiary.com/,,,,,
https://www.corpfollow.com/,,,,,
https://www.topwebmarks.com/,,,,,
https://www.leodirectory.com/,,,,,
https://citylocalpro.com/,,,,,
directory2020.com,,,,,
https://www.popularhomeservice.com/,,,,,
http://directoryfaves.com/,,,,,
http://directorypods.com/,,,,,
http://infradirectory.com/,,,,,
http://submitfeeds.com/,,,,,
http://directoryfield.com/,,,,,
http://indusdirectory.com/,,,,,
http://directoryfolks.com/,,,,,
http://onlinewebmarks.com/,,,,,
http://rootbookmarks.com/,,,,,
https://www.systembookmarks.com/,,,,,
https://www.socialbookmarkzone.info/,,,,,
https://www.tagbookmarks.com/,,,,,
https://www.appbookmarks.com/,,,,,
https://www.bookmarkdaddy.com/,,,,,
https://www.legacydirectory.com/,,,,,
http://usbookmarks.com/,,,,,
http://socialbookmarkiseasy.info/,,,,,
http://richbookmarks.com/,,,,,
http://bookmarkcart.info/,,,,,
http://a2zbookmarks.com/,,,,,
http://bookmarkfeeds.com/,,,,,
http://ewebmarks.com/,,,,,
http://ewebmarks.com/,,,,,